Project,Plate_ID,Plate_Row,Plate_Col,Sample,Raw_value
HTS_Cell_Screen_FP,468,1,1,ctrl,90.257935976506
HTS_Cell_Screen_FP,468,1,2,TN468-01-02,13.1598344279487
HTS_Cell_Screen_FP,468,1,3,TN468-01-03,5.03747900818195
HTS_Cell_Screen_FP,468,1,4,TN468-01-04,4.86600418542993
HTS_Cell_Screen_FP,468,1,5,TN468-01-05,11.0963709643118
HTS_Cell_Screen_FP,468,1,6,TN468-01-06,3.44956843823383
HTS_Cell_Screen_FP,468,1,7,TN468-01-07,18.4288284039854
HTS_Cell_Screen_FP,468,1,8,TN468-01-08,13.9918888464141
HTS_Cell_Screen_FP,468,1,9,TN468-01-09,7.39420963521529
HTS_Cell_Screen_FP,468,1,10,TN468-01-10,4.85164077857392
HTS_Cell_Screen_FP,468,1,11,TN468-01-11,6.65613442000639
HTS_Cell_Screen_FP,468,1,12,TN468-01-12,14.5703443731693
HTS_Cell_Screen_FP,468,1,13,TN468-01-13,6.57189496386244
HTS_Cell_Screen_FP,468,1,14,TN468-01-14,22.2495539080041
HTS_Cell_Screen_FP,468,1,15,TN468-01-15,8.07993136907271
HTS_Cell_Screen_FP,468,1,16,TN468-01-16,5.02635387461304
HTS_Cell_Screen_FP,468,1,17,TN468-01-17,4.504737153515
HTS_Cell_Screen_FP,468,1,18,TN468-01-18,5.22816482945012
HTS_Cell_Screen_FP,468,1,19,TN468-01-19,9.83196396444344
HTS_Cell_Screen_FP,468,1,20,TN468-01-20,7.2539022378181
HTS_Cell_Screen_FP,468,1,21,TN468-01-21,4.97344295985859
HTS_Cell_Screen_FP,468,1,22,TN468-01-22,2.66527167968521
HTS_Cell_Screen_FP,468,1,23,TN468-01-23,9.65266050616741
HTS_Cell_Screen_FP,468,1,24,ctrl,2.97623776174442
HTS_Cell_Screen_FP,468,2,1,ctrl,91.789047785436
HTS_Cell_Screen_FP,468,2,2,TN468-02-02,15.7596988695314
HTS_Cell_Screen_FP,468,2,3,TN468-02-03,19.9262705237088
HTS_Cell_Screen_FP,468,2,4,TN468-02-04,3.28487593108177
HTS_Cell_Screen_FP,468,2,5,TN468-02-05,5.74543274838016
HTS_Cell_Screen_FP,468,2,6,TN468-02-06,5.19379646299109
HTS_Cell_Screen_FP,468,2,7,TN468-02-07,14.1934177948885
HTS_Cell_Screen_FP,468,2,8,TN468-02-08,7.57641157586614
HTS_Cell_Screen_FP,468,2,9,TN468-02-09,3.39160334726285
HTS_Cell_Screen_FP,468,2,10,TN468-02-10,6.21023469363466
HTS_Cell_Screen_FP,468,2,11,TN468-02-11,15.977263875711
HTS_Cell_Screen_FP,468,2,12,TN468-02-12,8.86967261071338
HTS_Cell_Screen_FP,468,2,13,TN468-02-13,2.81425447625037
HTS_Cell_Screen_FP,468,2,14,TN468-02-14,7.99621394609661
HTS_Cell_Screen_FP,468,2,15,TN468-02-15,8.19598212037648
HTS_Cell_Screen_FP,468,2,16,TN468-02-16,8.86589934738459
HTS_Cell_Screen_FP,468,2,17,TN468-02-17,11.5059522602017
HTS_Cell_Screen_FP,468,2,18,TN468-02-18,4.91843451114254
HTS_Cell_Screen_FP,468,2,19,TN468-02-19,3.76796258519571
HTS_Cell_Screen_FP,468,2,20,TN468-02-20,1.78517006209155
HTS_Cell_Screen_FP,468,2,21,TN468-02-21,15.7433399247661
HTS_Cell_Screen_FP,468,2,22,TN468-02-22,17.0712800244399
HTS_Cell_Screen_FP,468,2,23,TN468-02-23,13.2706606857197
HTS_Cell_Screen_FP,468,2,24,ctrl,11.086902586817
HTS_Cell_Screen_FP,468,3,1,ctrl,94.829905081967
HTS_Cell_Screen_FP,468,3,2,TN468-03-02,9.56970582826638
HTS_Cell_Screen_FP,468,3,3,TN468-03-03,6.62346885572117
HTS_Cell_Screen_FP,468,3,4,TN468-03-04,5.91451909630639
HTS_Cell_Screen_FP,468,3,5,TN468-03-05,13.9624610389173
HTS_Cell_Screen_FP,468,3,6,TN468-03-06,19.3930918986335
HTS_Cell_Screen_FP,468,3,7,TN468-03-07,8.92041172082837
HTS_Cell_Screen_FP,468,3,8,TN468-03-08,14.8894044885589
HTS_Cell_Screen_FP,468,3,9,TN468-03-09,9.3776964768285
HTS_Cell_Screen_FP,468,3,10,TN468-03-10,5.96144331589091
HTS_Cell_Screen_FP,468,3,11,TN468-03-11,7.09364219764835
HTS_Cell_Screen_FP,468,3,12,TN468-03-12,6.05362477817106
HTS_Cell_Screen_FP,468,3,13,TN468-03-13,6.85411718280475
HTS_Cell_Screen_FP,468,3,14,TN468-03-14,4.78895519094489
HTS_Cell_Screen_FP,468,3,15,TN468-03-15,5.82902267610067
HTS_Cell_Screen_FP,468,3,16,TN468-03-16,15.1900383399439
HTS_Cell_Screen_FP,468,3,17,TN468-03-17,17.6343794786872
HTS_Cell_Screen_FP,468,3,18,TN468-03-18,7.19522311302027
HTS_Cell_Screen_FP,468,3,19,TN468-03-19,3.28780359995708
HTS_Cell_Screen_FP,468,3,20,TN468-03-20,3.72050470030929
HTS_Cell_Screen_FP,468,3,21,TN468-03-21,14.0505601168479
HTS_Cell_Screen_FP,468,3,22,TN468-03-22,4.64482603004073
HTS_Cell_Screen_FP,468,3,23,TN468-03-23,7.65653267495383
HTS_Cell_Screen_FP,468,3,24,ctrl,12.9004704782864
HTS_Cell_Screen_FP,468,4,1,ctrl,88.09946693991
HTS_Cell_Screen_FP,468,4,2,TN468-04-02,2.67081954654876
HTS_Cell_Screen_FP,468,4,3,TN468-04-03,2.55469288072985
HTS_Cell_Screen_FP,468,4,4,TN468-04-04,1.91135714108259
HTS_Cell_Screen_FP,468,4,5,TN468-04-05,11.3721169598352
HTS_Cell_Screen_FP,468,4,6,TN468-04-06,5.63048854229452
HTS_Cell_Screen_FP,468,4,7,TN468-04-07,5.3835103587939
HTS_Cell_Screen_FP,468,4,8,TN468-04-08,5.35545093100872
HTS_Cell_Screen_FP,468,4,9,TN468-04-09,7.97332169589449
HTS_Cell_Screen_FP,468,4,10,TN468-04-10,6.64741162873663
HTS_Cell_Screen_FP,468,4,11,TN468-04-11,5.69359293588401
HTS_Cell_Screen_FP,468,4,12,TN468-04-12,1.53280258587573
HTS_Cell_Screen_FP,468,4,13,TN468-04-13,4.27279562857829
HTS_Cell_Screen_FP,468,4,14,TN468-04-14,11.3943943372024
HTS_Cell_Screen_FP,468,4,15,TN468-04-15,16.4583178799778
HTS_Cell_Screen_FP,468,4,16,TN468-04-16,19.8837703125537
HTS_Cell_Screen_FP,468,4,17,TN468-04-17,7.95693092035972
HTS_Cell_Screen_FP,468,4,18,TN468-04-18,5.35223802234806
HTS_Cell_Screen_FP,468,4,19,TN468-04-19,8.54693730149473
HTS_Cell_Screen_FP,468,4,20,TN468-04-20,4.32604606715868
HTS_Cell_Screen_FP,468,4,21,TN468-04-21,15.5078657648756
HTS_Cell_Screen_FP,468,4,22,TN468-04-22,4.80049367034759
HTS_Cell_Screen_FP,468,4,23,TN468-04-23,9.39323711864678
HTS_Cell_Screen_FP,468,4,24,ctrl,11.4839625150159
HTS_Cell_Screen_FP,468,5,1,ctrl,94.35715780145
HTS_Cell_Screen_FP,468,5,2,TN468-05-02,8.97857594074925
HTS_Cell_Screen_FP,468,5,3,TN468-05-03,4.97454349089402
HTS_Cell_Screen_FP,468,5,4,TN468-05-04,5.38737379349737
HTS_Cell_Screen_FP,468,5,5,TN468-05-05,11.157736701808
HTS_Cell_Screen_FP,468,5,6,TN468-05-06,3.83766781411014
HTS_Cell_Screen_FP,468,5,7,TN468-05-07,3.25323566238559
HTS_Cell_Screen_FP,468,5,8,TN468-05-08,17.5201725183623
HTS_Cell_Screen_FP,468,5,9,TN468-05-09,14.3044017792636
HTS_Cell_Screen_FP,468,5,10,TN468-05-10,11.0107900636966
HTS_Cell_Screen_FP,468,5,11,TN468-05-11,10.1583803754815
HTS_Cell_Screen_FP,468,5,12,TN468-05-12,2.87973144284243
HTS_Cell_Screen_FP,468,5,13,TN468-05-13,11.9429889361694
HTS_Cell_Screen_FP,468,5,14,TN468-05-14,14.2400362901638
HTS_Cell_Screen_FP,468,5,15,TN468-05-15,1.71671478682553
HTS_Cell_Screen_FP,468,5,16,TN468-05-16,9.97532211895958
HTS_Cell_Screen_FP,468,5,17,TN468-05-17,8.49343151987536
HTS_Cell_Screen_FP,468,5,18,TN468-05-18,2.18874269707314
HTS_Cell_Screen_FP,468,5,19,TN468-05-19,8.62686456032392
HTS_Cell_Screen_FP,468,5,20,TN468-05-20,6.51390073014212
HTS_Cell_Screen_FP,468,5,21,TN468-05-21,9.31099848117262
HTS_Cell_Screen_FP,468,5,22,TN468-05-22,9.38380544221327
HTS_Cell_Screen_FP,468,5,23,TN468-05-23,5.39295343097463
HTS_Cell_Screen_FP,468,5,24,ctrl,9.98499372204324
HTS_Cell_Screen_FP,468,6,1,ctrl,88.5529327086681
HTS_Cell_Screen_FP,468,6,2,TN468-06-02,12.9569821670303
HTS_Cell_Screen_FP,468,6,3,TN468-06-03,5.97026141942012
HTS_Cell_Screen_FP,468,6,4,TN468-06-04,1.31561820888975
HTS_Cell_Screen_FP,468,6,5,TN468-06-05,8.51118365637791
HTS_Cell_Screen_FP,468,6,6,TN468-06-06,4.26942071583777
HTS_Cell_Screen_FP,468,6,7,TN468-06-07,5.59107680526014
HTS_Cell_Screen_FP,468,6,8,TN468-06-08,9.26063591246673
HTS_Cell_Screen_FP,468,6,9,TN468-06-09,10.3407075006977
HTS_Cell_Screen_FP,468,6,10,TN468-06-10,7.88983182837512
HTS_Cell_Screen_FP,468,6,11,TN468-06-11,8.17482324064192
HTS_Cell_Screen_FP,468,6,12,TN468-06-12,15.9570068408478
HTS_Cell_Screen_FP,468,6,13,TN468-06-13,3.44125274183557
HTS_Cell_Screen_FP,468,6,14,TN468-06-14,7.13242997300137
HTS_Cell_Screen_FP,468,6,15,TN468-06-15,3.84013889685019
HTS_Cell_Screen_FP,468,6,16,TN468-06-16,18.4262397564239
HTS_Cell_Screen_FP,468,6,17,TN468-06-17,19.2262327971008
HTS_Cell_Screen_FP,468,6,18,TN468-06-18,19.5190237460674
HTS_Cell_Screen_FP,468,6,19,TN468-06-19,8.9106145416127
HTS_Cell_Screen_FP,468,6,20,TN468-06-20,6.06329590322731
HTS_Cell_Screen_FP,468,6,21,TN468-06-21,4.42330137837793
HTS_Cell_Screen_FP,468,6,22,TN468-06-22,13.404428953589
HTS_Cell_Screen_FP,468,6,23,TN468-06-23,7.83342778503767
HTS_Cell_Screen_FP,468,6,24,ctrl,8.69543105301407
HTS_Cell_Screen_FP,468,7,1,ctrl,94.437158525048
HTS_Cell_Screen_FP,468,7,2,TN468-07-02,6.0398024066009
HTS_Cell_Screen_FP,468,7,3,TN468-07-03,6.25749932374086
HTS_Cell_Screen_FP,468,7,4,TN468-07-04,4.5062503481785
HTS_Cell_Screen_FP,468,7,5,TN468-07-05,3.6547721117439
HTS_Cell_Screen_FP,468,7,6,TN468-07-06,6.64615068319318
HTS_Cell_Screen_FP,468,7,7,TN468-07-07,16.3381867656623
HTS_Cell_Screen_FP,468,7,8,TN468-07-08,2.26663615590293
HTS_Cell_Screen_FP,468,7,9,TN468-07-09,3.04607062872824
HTS_Cell_Screen_FP,468,7,10,TN468-07-10,6.44633723491544
HTS_Cell_Screen_FP,468,7,11,TN468-07-11,7.6340954892764
HTS_Cell_Screen_FP,468,7,12,TN468-07-12,11.3487033227572
HTS_Cell_Screen_FP,468,7,13,TN468-07-13,16.1901641613067
HTS_Cell_Screen_FP,468,7,14,TN468-07-14,4.37005171110442
HTS_Cell_Screen_FP,468,7,15,TN468-07-15,3.12733490213567
HTS_Cell_Screen_FP,468,7,16,TN468-07-16,2.42253375698001
HTS_Cell_Screen_FP,468,7,17,TN468-07-17,3.00937856350938
HTS_Cell_Screen_FP,468,7,18,TN468-07-18,4.1249676050445
HTS_Cell_Screen_FP,468,7,19,TN468-07-19,5.52202898349897
HTS_Cell_Screen_FP,468,7,20,TN468-07-20,7.49123537683626
HTS_Cell_Screen_FP,468,7,21,TN468-07-21,8.6655660176525
HTS_Cell_Screen_FP,468,7,22,TN468-07-22,10.7485256163166
HTS_Cell_Screen_FP,468,7,23,TN468-07-23,4.59817380842304
HTS_Cell_Screen_FP,468,7,24,ctrl,11.0173425611486
HTS_Cell_Screen_FP,468,8,1,ctrl,84.4283820316765
HTS_Cell_Screen_FP,468,8,2,TN468-08-02,21.6904520250741
HTS_Cell_Screen_FP,468,8,3,TN468-08-03,5.31106330043944
HTS_Cell_Screen_FP,468,8,4,TN468-08-04,3.33202238943561
HTS_Cell_Screen_FP,468,8,5,TN468-08-05,3.20859012702219
HTS_Cell_Screen_FP,468,8,6,TN468-08-06,3.52290746894736
HTS_Cell_Screen_FP,468,8,7,TN468-08-07,6.44518407642419
HTS_Cell_Screen_FP,468,8,8,TN468-08-08,3.1008484915997
HTS_Cell_Screen_FP,468,8,9,TN468-08-09,6.99221464817233
HTS_Cell_Screen_FP,468,8,10,TN468-08-10,28.9385698569479
HTS_Cell_Screen_FP,468,8,11,TN468-08-11,5.29454488424094
HTS_Cell_Screen_FP,468,8,12,TN468-08-12,3.71925608050711
HTS_Cell_Screen_FP,468,8,13,TN468-08-13,6.98995493156575
HTS_Cell_Screen_FP,468,8,14,TN468-08-14,2.46457784726278
HTS_Cell_Screen_FP,468,8,15,TN468-08-15,6.34529604007591
HTS_Cell_Screen_FP,468,8,16,TN468-08-16,1.8212992020621
HTS_Cell_Screen_FP,468,8,17,TN468-08-17,7.69467664076445
HTS_Cell_Screen_FP,468,8,18,TN468-08-18,7.85675917774401
HTS_Cell_Screen_FP,468,8,19,TN468-08-19,3.65767149836545
HTS_Cell_Screen_FP,468,8,20,TN468-08-20,6.2773021042782
HTS_Cell_Screen_FP,468,8,21,TN468-08-21,20.0705281713227
HTS_Cell_Screen_FP,468,8,22,TN468-08-22,6.83527980267663
HTS_Cell_Screen_FP,468,8,23,TN468-08-23,4.07912797168245
HTS_Cell_Screen_FP,468,8,24,ctrl,9.73226266868201
HTS_Cell_Screen_FP,468,9,1,ctrl,85.8258376350562
HTS_Cell_Screen_FP,468,9,2,TN468-09-02,4.92639601457672
HTS_Cell_Screen_FP,468,9,3,TN468-09-03,12.6827826821285
HTS_Cell_Screen_FP,468,9,4,TN468-09-04,8.24243123776923
HTS_Cell_Screen_FP,468,9,5,TN468-09-05,15.8325683882115
HTS_Cell_Screen_FP,468,9,6,TN468-09-06,11.0856456576557
HTS_Cell_Screen_FP,468,9,7,TN468-09-07,8.33811876896386
HTS_Cell_Screen_FP,468,9,8,TN468-09-08,15.4825438393857
HTS_Cell_Screen_FP,468,9,9,TN468-09-09,41.1541238362584
HTS_Cell_Screen_FP,468,9,10,TN468-09-10,5.95269292215762
HTS_Cell_Screen_FP,468,9,11,TN468-09-11,11.5165901801978
HTS_Cell_Screen_FP,468,9,12,TN468-09-12,18.8284307025485
HTS_Cell_Screen_FP,468,9,13,TN468-09-13,5.04832097019844
HTS_Cell_Screen_FP,468,9,14,TN468-09-14,2.16360531869651
HTS_Cell_Screen_FP,468,9,15,TN468-09-15,3.80538970183091
HTS_Cell_Screen_FP,468,9,16,TN468-09-16,12.0606088096541
HTS_Cell_Screen_FP,468,9,17,TN468-09-17,8.11381780682639
HTS_Cell_Screen_FP,468,9,18,TN468-09-18,7.37757793236807
HTS_Cell_Screen_FP,468,9,19,TN468-09-19,7.23181961475845
HTS_Cell_Screen_FP,468,9,20,TN468-09-20,3.3132494572684
HTS_Cell_Screen_FP,468,9,21,TN468-09-21,4.28533441709912
HTS_Cell_Screen_FP,468,9,22,TN468-09-22,1.53233891766838
HTS_Cell_Screen_FP,468,9,23,TN468-09-23,10.8022207631282
HTS_Cell_Screen_FP,468,9,24,ctrl,11.2434189545141
HTS_Cell_Screen_FP,468,10,1,ctrl,93.917915741658
HTS_Cell_Screen_FP,468,10,2,TN468-10-02,6.17035621011178
HTS_Cell_Screen_FP,468,10,3,TN468-10-03,4.22024087529031
HTS_Cell_Screen_FP,468,10,4,TN468-10-04,10.0209068825722
HTS_Cell_Screen_FP,468,10,5,TN468-10-05,5.84757486415259
HTS_Cell_Screen_FP,468,10,6,TN468-10-06,4.58396454359654
HTS_Cell_Screen_FP,468,10,7,TN468-10-07,9.49673091586543
HTS_Cell_Screen_FP,468,10,8,TN468-10-08,4.3132154071773
HTS_Cell_Screen_FP,468,10,9,TN468-10-09,8.3732270138716
HTS_Cell_Screen_FP,468,10,10,TN468-10-10,6.44613681759772
HTS_Cell_Screen_FP,468,10,11,TN468-10-11,4.91427690773605
HTS_Cell_Screen_FP,468,10,12,TN468-10-12,9.03114612876136
HTS_Cell_Screen_FP,468,10,13,TN468-10-13,3.68671469176547
HTS_Cell_Screen_FP,468,10,14,TN468-10-14,5.83129891328329
HTS_Cell_Screen_FP,468,10,15,TN468-10-15,3.1977738588151
HTS_Cell_Screen_FP,468,10,16,TN468-10-16,16.8555629475182
HTS_Cell_Screen_FP,468,10,17,TN468-10-17,3.70445981955614
HTS_Cell_Screen_FP,468,10,18,TN468-10-18,8.92131336529082
HTS_Cell_Screen_FP,468,10,19,TN468-10-19,19.2522065026672
HTS_Cell_Screen_FP,468,10,20,TN468-10-20,33.5361317893148
HTS_Cell_Screen_FP,468,10,21,TN468-10-21,7.78618468725777
HTS_Cell_Screen_FP,468,10,22,TN468-10-22,7.02430319803637
HTS_Cell_Screen_FP,468,10,23,TN468-10-23,10.9110058078154
HTS_Cell_Screen_FP,468,10,24,ctrl,10.9015215653347
HTS_Cell_Screen_FP,468,11,1,ctrl,89.1972622660837
HTS_Cell_Screen_FP,468,11,2,TN468-11-02,4.2751018520947
HTS_Cell_Screen_FP,468,11,3,TN468-11-03,4.51577564988105
HTS_Cell_Screen_FP,468,11,4,TN468-11-04,3.3429497022142
HTS_Cell_Screen_FP,468,11,5,TN468-11-05,3.11811101907241
HTS_Cell_Screen_FP,468,11,6,TN468-11-06,8.40223404566097
HTS_Cell_Screen_FP,468,11,7,TN468-11-07,11.8729433322047
HTS_Cell_Screen_FP,468,11,8,TN468-11-08,29.3796761384001
HTS_Cell_Screen_FP,468,11,9,TN468-11-09,4.755391789711
HTS_Cell_Screen_FP,468,11,10,TN468-11-10,3.83472416747415
HTS_Cell_Screen_FP,468,11,11,TN468-11-11,6.67637230125044
HTS_Cell_Screen_FP,468,11,12,TN468-11-12,9.39864644500947
HTS_Cell_Screen_FP,468,11,13,TN468-11-13,4.91704013967174
HTS_Cell_Screen_FP,468,11,14,TN468-11-14,8.43503239730573
HTS_Cell_Screen_FP,468,11,15,TN468-11-15,9.41552919617148
HTS_Cell_Screen_FP,468,11,16,TN468-11-16,18.8318899015673
HTS_Cell_Screen_FP,468,11,17,TN468-11-17,11.1891406529151
HTS_Cell_Screen_FP,468,11,18,TN468-11-18,4.14403489581834
HTS_Cell_Screen_FP,468,11,19,TN468-11-19,17.7987092424377
HTS_Cell_Screen_FP,468,11,20,TN468-11-20,12.2831058011136
HTS_Cell_Screen_FP,468,11,21,TN468-11-21,7.02470528212832
HTS_Cell_Screen_FP,468,11,22,TN468-11-22,8.11916338714685
HTS_Cell_Screen_FP,468,11,23,TN468-11-23,2.63646089911625
HTS_Cell_Screen_FP,468,11,24,ctrl,12.5110616489758
HTS_Cell_Screen_FP,468,12,1,ctrl,93.708064675245
HTS_Cell_Screen_FP,468,12,2,TN468-12-02,9.49410456767417
HTS_Cell_Screen_FP,468,12,3,TN468-12-03,4.6319661749886
HTS_Cell_Screen_FP,468,12,4,TN468-12-04,6.5038587216969
HTS_Cell_Screen_FP,468,12,5,TN468-12-05,1.73062200929187
HTS_Cell_Screen_FP,468,12,6,TN468-12-06,12.3228901666972
HTS_Cell_Screen_FP,468,12,7,TN468-12-07,3.21380772815368
HTS_Cell_Screen_FP,468,12,8,TN468-12-08,4.21318723880757
HTS_Cell_Screen_FP,468,12,9,TN468-12-09,12.0003484894948
HTS_Cell_Screen_FP,468,12,10,TN468-12-10,9.48660546511174
HTS_Cell_Screen_FP,468,12,11,TN468-12-11,2.97789623410433
HTS_Cell_Screen_FP,468,12,12,TN468-12-12,9.70021635094528
HTS_Cell_Screen_FP,468,12,13,TN468-12-13,6.69149474354532
HTS_Cell_Screen_FP,468,12,14,TN468-12-14,3.07728463025641
HTS_Cell_Screen_FP,468,12,15,TN468-12-15,10.245854801864
HTS_Cell_Screen_FP,468,12,16,TN468-12-16,6.85104045892377
HTS_Cell_Screen_FP,468,12,17,TN468-12-17,11.9288104342801
HTS_Cell_Screen_FP,468,12,18,TN468-12-18,8.09445400136337
HTS_Cell_Screen_FP,468,12,19,TN468-12-19,26.8120458576752
HTS_Cell_Screen_FP,468,12,20,TN468-12-20,6.98968124057792
HTS_Cell_Screen_FP,468,12,21,TN468-12-21,17.3704949066481
HTS_Cell_Screen_FP,468,12,22,TN468-12-22,4.31550863677932
HTS_Cell_Screen_FP,468,12,23,TN468-12-23,23.3886627214728
HTS_Cell_Screen_FP,468,12,24,ctrl,6.00247921854094
HTS_Cell_Screen_FP,468,13,1,ctrl,91.3430030991
HTS_Cell_Screen_FP,468,13,2,TN468-13-02,6.84115296791522
HTS_Cell_Screen_FP,468,13,3,TN468-13-03,6.57161151222957
HTS_Cell_Screen_FP,468,13,4,TN468-13-04,3.42133043740776
HTS_Cell_Screen_FP,468,13,5,TN468-13-05,4.80031837273105
HTS_Cell_Screen_FP,468,13,6,TN468-13-06,6.03695674048953
HTS_Cell_Screen_FP,468,13,7,TN468-13-07,10.1339097730084
HTS_Cell_Screen_FP,468,13,8,TN468-13-08,2.81029989540715
HTS_Cell_Screen_FP,468,13,9,TN468-13-09,8.80607669718458
HTS_Cell_Screen_FP,468,13,10,TN468-13-10,12.5629165961146
HTS_Cell_Screen_FP,468,13,11,TN468-13-11,9.47783386356416
HTS_Cell_Screen_FP,468,13,12,TN468-13-12,5.05740906983472
HTS_Cell_Screen_FP,468,13,13,TN468-13-13,12.4558978544479
HTS_Cell_Screen_FP,468,13,14,TN468-13-14,9.04036027091695
HTS_Cell_Screen_FP,468,13,15,TN468-13-15,5.88316469652321
HTS_Cell_Screen_FP,468,13,16,TN468-13-16,19.1373983518674
HTS_Cell_Screen_FP,468,13,17,TN468-13-17,7.86666441478298
HTS_Cell_Screen_FP,468,13,18,TN468-13-18,5.71865487865577
HTS_Cell_Screen_FP,468,13,19,TN468-13-19,6.79262937339541
HTS_Cell_Screen_FP,468,13,20,TN468-13-20,1.68147418770943
HTS_Cell_Screen_FP,468,13,21,TN468-13-21,6.09265319719522
HTS_Cell_Screen_FP,468,13,22,TN468-13-22,3.54610736928011
HTS_Cell_Screen_FP,468,13,23,TN468-13-23,7.04987120356265
HTS_Cell_Screen_FP,468,13,24,ctrl,8.50112783883755
HTS_Cell_Screen_FP,468,14,1,ctrl,88.7092616439268
HTS_Cell_Screen_FP,468,14,2,TN468-14-02,4.94813792006165
HTS_Cell_Screen_FP,468,14,3,TN468-14-03,8.37087630075998
HTS_Cell_Screen_FP,468,14,4,TN468-14-04,9.43299218217668
HTS_Cell_Screen_FP,468,14,5,TN468-14-05,11.7059382910002
HTS_Cell_Screen_FP,468,14,6,TN468-14-06,10.075259820801
HTS_Cell_Screen_FP,468,14,7,TN468-14-07,8.55939779885736
HTS_Cell_Screen_FP,468,14,8,TN468-14-08,16.3286353128629
HTS_Cell_Screen_FP,468,14,9,TN468-14-09,5.20586767390796
HTS_Cell_Screen_FP,468,14,10,TN468-14-10,11.26641168875
HTS_Cell_Screen_FP,468,14,11,TN468-14-11,4.68488017875605
HTS_Cell_Screen_FP,468,14,12,TN468-14-12,13.225768704704
HTS_Cell_Screen_FP,468,14,13,TN468-14-13,4.97367329433405
HTS_Cell_Screen_FP,468,14,14,TN468-14-14,8.74476656558435
HTS_Cell_Screen_FP,468,14,15,TN468-14-15,3.53297179823723
HTS_Cell_Screen_FP,468,14,16,TN468-14-16,7.89768976219737
HTS_Cell_Screen_FP,468,14,17,TN468-14-17,23.3612836196488
HTS_Cell_Screen_FP,468,14,18,TN468-14-18,11.0113209114724
HTS_Cell_Screen_FP,468,14,19,TN468-14-19,14.8125309636267
HTS_Cell_Screen_FP,468,14,20,TN468-14-20,5.28238837968273
HTS_Cell_Screen_FP,468,14,21,TN468-14-21,7.65925833368056
HTS_Cell_Screen_FP,468,14,22,TN468-14-22,10.3453482417834
HTS_Cell_Screen_FP,468,14,23,TN468-14-23,13.1092681119881
HTS_Cell_Screen_FP,468,14,24,ctrl,1.93539145238055
HTS_Cell_Screen_FP,468,15,1,ctrl,86.9736614059712
HTS_Cell_Screen_FP,468,15,2,TN468-15-02,23.5358373391166
HTS_Cell_Screen_FP,468,15,3,TN468-15-03,13.9096654868886
HTS_Cell_Screen_FP,468,15,4,TN468-15-04,15.2225723343989
HTS_Cell_Screen_FP,468,15,5,TN468-15-05,3.99119529113739
HTS_Cell_Screen_FP,468,15,6,TN468-15-06,7.10399916117207
HTS_Cell_Screen_FP,468,15,7,TN468-15-07,3.62633663438563
HTS_Cell_Screen_FP,468,15,8,TN468-15-08,10.9325032393435
HTS_Cell_Screen_FP,468,15,9,TN468-15-09,5.76421216444799
HTS_Cell_Screen_FP,468,15,10,TN468-15-10,12.4359213111958
HTS_Cell_Screen_FP,468,15,11,TN468-15-11,22.1119636390201
HTS_Cell_Screen_FP,468,15,12,TN468-15-12,7.82304344343785
HTS_Cell_Screen_FP,468,15,13,TN468-15-13,4.74773534531757
HTS_Cell_Screen_FP,468,15,14,TN468-15-14,2.30587566745192
HTS_Cell_Screen_FP,468,15,15,TN468-15-15,6.95368967842688
HTS_Cell_Screen_FP,468,15,16,TN468-15-16,5.11976055916873
HTS_Cell_Screen_FP,468,15,17,TN468-15-17,9.16276446407667
HTS_Cell_Screen_FP,468,15,18,TN468-15-18,8.68768657077379
HTS_Cell_Screen_FP,468,15,19,TN468-15-19,10.669261670922
HTS_Cell_Screen_FP,468,15,20,TN468-15-20,5.08731900449248
HTS_Cell_Screen_FP,468,15,21,TN468-15-21,8.89123161452011
HTS_Cell_Screen_FP,468,15,22,TN468-15-22,5.04465450098874
HTS_Cell_Screen_FP,468,15,23,TN468-15-23,3.06058685060961
HTS_Cell_Screen_FP,468,15,24,ctrl,11.828230362929
HTS_Cell_Screen_FP,468,16,1,ctrl,89.6362236306432
HTS_Cell_Screen_FP,468,16,2,TN468-16-02,4.95558523897722
HTS_Cell_Screen_FP,468,16,3,TN468-16-03,4.8872747511534
HTS_Cell_Screen_FP,468,16,4,TN468-16-04,9.83029318627714
HTS_Cell_Screen_FP,468,16,5,TN468-16-05,7.62336256199294
HTS_Cell_Screen_FP,468,16,6,TN468-16-06,8.79498061006768
HTS_Cell_Screen_FP,468,16,7,TN468-16-07,2.47536910613642
HTS_Cell_Screen_FP,468,16,8,TN468-16-08,2.23755397900994
HTS_Cell_Screen_FP,468,16,9,TN468-16-09,13.4737386950193
HTS_Cell_Screen_FP,468,16,10,TN468-16-10,9.79836170341104
HTS_Cell_Screen_FP,468,16,11,TN468-16-11,14.8191477571162
HTS_Cell_Screen_FP,468,16,12,TN468-16-12,5.49790884633451
HTS_Cell_Screen_FP,468,16,13,TN468-16-13,11.1773467694679
HTS_Cell_Screen_FP,468,16,14,TN468-16-14,8.2001931187983
HTS_Cell_Screen_FP,468,16,15,TN468-16-15,15.8394740053816
HTS_Cell_Screen_FP,468,16,16,TN468-16-16,5.50337328442501
HTS_Cell_Screen_FP,468,16,17,TN468-16-17,13.1303665704579
HTS_Cell_Screen_FP,468,16,18,TN468-16-18,5.78763500356115
HTS_Cell_Screen_FP,468,16,19,TN468-16-19,9.69347320111529
HTS_Cell_Screen_FP,468,16,20,TN468-16-20,7.29447663485873
HTS_Cell_Screen_FP,468,16,21,TN468-16-21,6.69346900366918
HTS_Cell_Screen_FP,468,16,22,TN468-16-22,5.76017039887444
HTS_Cell_Screen_FP,468,16,23,TN468-16-23,6.27281388665445
HTS_Cell_Screen_FP,468,16,24,ctrl,5.39346483746932
